Model,RMSE,MAE,R2
LinearRegression,23893.07692319679,18004.410316666665,0.14059533161147408
XGBoost,18886.193886990102,14481.575466666667,0.46303938325631144
RandomForestRegressor,18057.220522405038,14071.886566666662,0.509142592125322
