Model,RMSE,MAE,R2
LinearRegression,23893.07692319679,18004.410316666665,0.14059533161147408
XGBoost,18886.193886990102,14481.575466666667,0.46303938325631144
RandomForestRegressor,18374.05243303898,14165.1448,0.49176631202968457
